{"validation_RMSE": 0.8327946050078002, "R^2": 0.1816599389243192}