{"validation_RMSE": 112.2177332746047, "R^2": -0.19204455207155124}