{"validation_RMSE": 1173.0834038953196, "R^2": -129.26486227393394}