{"validation_RMSE": 0.8548510011249872, "R^2": 0.13773877790026456}