{"validation_RMSE": 4509.3290297386975, "R^2": -1923.834322072431}