{"validation_RMSE": 6940.382950282846, "R^2": -4558.701071031285}