{"validation_RMSE": 115.69289663438995, "R^2": -0.26701831512849017}