{"validation_RMSE": 5.733786290643125, "R^2": -37.79189627492495}