{"validation_RMSE": 5754.709593224326, "R^2": -3133.8468429954746}