{"validation_RMSE": 1.0844789316849144, "R^2": -0.387714878700816}