{"validation_RMSE": 167.30060351201328, "R^2": -1.6495036278098696}