{"validation_RMSE": 113.2305313323507, "R^2": -0.21365875674988932}