{"validation_RMSE": 97.48079472781826, "R^2": 0.10048662434895006}