{"validation_RMSE": 112.99437038631726, "R^2": -0.2086014651978736}