{"validation_RMSE": 92.0571984049354, "R^2": 0.19779565331230364}